,Name 1,Name 2,Name 3,Name 4,Name 5,Name 6,Name 7,Name 8,Name 9,Name 10,Name 11,Name 12,Name 13,Name 14,Name 15,Name 16,Name 17,Name 18,Name 19,Name 20,Name 21
A,10,5,0,5,10,15,20,25,23.57142857,26.30952381,29.04761905,31.78571429,34.52380952,37.26190476,40,42.73809524,45.47619048,48.21428571,50.95238095,53.69047619,56.42857143
B,1,2,3,4,5,6,7,8,9,10,8,1,5,1,2,3,4,5,6,7,8
C,5,3,6,3,7,1,3,8,3,9,4,8,8,8,53,8,68,8,53,7,8
